{
  "modelo_id": "modelo_v2_48",
  "recall": 0.75,
  "precision": 0.1683673469387755,
  "f1": 0.275,
  "auc": 0.8142515379357484,
  "arquitectura": "deep_3",
  "muestreo": "smote_40",
  "threshold": 0.2,
  "dropout": 0.2,
  "score_custom": 0.5334098232594473
}